num_iter,num_procs,leibniz_cput,leibniz_wallt,rectangles_cput,rectangles_wallt,fusion_cput,fusion_wallt,leibniz_pi,rectangles_pi,fusion_pi
2147483647,1,17.230000,17.228839,22.680000,22.674507,33.820000,33.818994,3.141593,3.141593,3.141593
2147483647,2,17.510000,8.758148,22.700000,11.360379,33.960000,16.995966,3.141593,3.141593,3.141593
2147483647,3,17.980000,6.012122,22.910000,7.662043,34.150000,11.426680,3.141593,3.141593,3.141593
2147483647,4,18.320000,4.597433,22.860000,5.745666,34.110000,8.581017,3.141593,3.141593,3.141593
2147483647,5,18.860000,3.808362,23.480000,4.780404,35.050000,7.142751,3.141593,3.141593,3.141593
2147483647,6,19.200000,3.195472,23.950000,4.002104,35.790000,5.986036,3.141593,3.141593,3.141593
