nprocs,wall_time,cpu_time
1,1.262646,1.259698
2,0.659454,2.627602
3,0.460211,4.073324
4,0.367742,5.507351
5,0.319758,7.114452
6,0.296706,9.049741
